motif,N,K,n,x,p,q
OOOOOAAA,6000,2981,828,556,7.154082803551571e-28,2.325893587273387e-27
EEGGG,6000,2981,2462,1539,2.488016547194314e-62,3.2208505120042756e-61
GGGGGGG,6000,2981,2017,1254,1.4452451471668077e-43,9.616958362455766e-43
DDDEE,6000,2981,2155,1322,4.3675713433130075e-42,2.879361848554502e-41
EEEDDD,6000,2981,2072,1296,5.625032701013978e-48,4.5000261608111825e-47
EEEGE,6000,2981,505,353,5.674021027590828e-22,1.5018226660389105e-21
BBGGG,6000,2981,1205,882,8.986741451523592e-77,1.7773777537457772e-75
EEGGGEE,6000,2981,512,354,9.913228997799014e-21,2.5207925165831774e-20
EEGGGE,6000,2981,526,365,8.089827972364695e-22,2.133317598638394e-21
GBAAAAAAA,6000,2981,321,260,8.576769972593384e-33,3.411542022618151e-32
GGGEE,6000,2981,2471,1594,2.580865899556815e-83,5.568413698437734e-82
AAAEEE,6000,2981,799,606,3.593172282126826e-59,4.126352685281129e-58
BBBBBB,6000,2981,760,548,3.6864205658794293e-41,2.262699519746684e-40
EEEDD,6000,2981,2140,1337,8.738545153187318e-50,7.406957320320679e-49
GGEEE,6000,2981,2794,1800,3.4287102573514357e-102,9.764966812936888e-101
BBBBAAAAA,6000,2981,417,311,5.24341708931354e-27,1.644631263256053e-26
GGAAAA,6000,2981,324,241,9.97527748486856e-21,2.527543618941785e-20
FFFFFFFF,6000,2981,602,431,1.1021919424989236e-30,3.9435209198956466e-30
BBBBBBBBB,6000,2981,234,185,3.617588665710722e-21,9.33233018110882e-21
BBBGG,6000,2981,1066,776,4.437561454411941e-64,5.961403312342079e-63
DDDEEE,6000,2981,2111,1296,3.8930291744111535e-41,2.3690912582741372e-40
EEEEDDDDDD,6000,2981,1723,1087,3.939470576292691e-40,2.3181016944796665e-39
EEEAAAAAAAAAA,6000,2981,260,208,6.005578945552136e-25,1.766930664972364e-24
EEEAA,6000,2981,853,580,1.645597348702581e-31,6.232262299341691e-31
BBBAAAAA,6000,2981,807,609,4.367239139214551e-58,4.858553542376189e-57
EEEDDDDDD,6000,2981,1780,1128,1.192591433798699e-43,8.010614159100695e-43
GGGEEE,6000,2981,2339,1500,2.1369508544474224e-72,3.622640496110869e-71
GGGGGEE,6000,2981,1708,1097,2.0190218462652735e-46,1.4974412026467445e-45
AACCCCCCCC,6000,2981,160,147,2.967531166023362e-31,1.090273465621036e-30
DDDFF,6000,2981,756,500,1.3422260039701872e-22,3.661551397803729e-22
DDDEEEEEEEEE,6000,2981,1703,1024,1.161682091819489e-24,3.3622668673799846e-24
BBBBAAAAAA,6000,2981,324,248,2.2680066453149983e-24,6.459282925857116e-24
AAAAA,6000,2981,3538,2516,0.0,0.0
DDEEE,6000,2981,2168,1328,7.853321467171891e-42,4.948287508518926e-41
OOOOOOOOOOOOOOOOOOOOAAAAAAA,6000,2981,466,359,2.0454228125252416e-36,9.518568905346224e-36
DDDEEEE,6000,2981,2063,1260,9.569255236833096e-38,4.798105442693778e-37
EGGGEE,6000,2981,532,369,5.266120435083906e-22,1.3990588618581126e-21
GGAAA,6000,2981,358,264,9.917026657496584e-22,2.60550663473711e-21
EEEGGG,6000,2981,2352,1467,1.110344847100564e-56,1.1799485539337335e-55
EEEGG,6000,2981,2764,1721,2.695228811312637e-73,4.680494911352676e-72
EEEAAAAAAA,6000,2981,477,355,1.442617122354312e-30,5.1357169555813504e-30
AAAAAAA,6000,2981,2736,2077,6.03272355e-316,1.4317663891e-313
EEGGGG,6000,2981,2061,1301,8.04891829078508e-52,7.540565556630233e-51
FFFFDDD,6000,2981,602,426,1.772269403105273e-28,5.896522500051189e-28
AAAAAAAA,6000,2981,2277,1785,3.575259242413957e-277,6.363961451496842e-275
AAACCC,6000,2981,331,287,4.0841344281173257e-48,3.33247704303648e-47
GBBAA,6000,2981,673,490,2.3427992958306782e-38,1.2087486221966975e-37
GGGGGE,6000,2981,1753,1126,4.118791850943965e-48,3.33247704303648e-47
EEAAAAAAAA,6000,2981,415,319,6.000351431878589e-32,2.3218751192921494e-31
EEEGGGG,6000,2981,1946,1227,3.313155908033515e-47,2.5365236629245836e-46
DDDDD,6000,2981,2501,1612,2.1004973227387445e-84,4.673606543093706e-83
EEAAAA,6000,2981,748,531,1.329937137509055e-36,6.355135851721121e-36
AAAAAAE,6000,2981,716,573,4.854344660827444e-71,7.855212269338955e-70
AAAAAA,6000,2981,3147,2310,0.0,0.0
EEEAAA,6000,2981,762,529,3.350977900654138e-32,1.310932013882278e-31
CCCCCCCC,6000,2981,288,240,3.94919727515256e-34,1.6347839883189664e-33
CCCCCCCCC,6000,2981,225,187,2.13537365917043e-26,6.610374110127592e-26
EEAAA,6000,2981,816,568,2.5432107958299977e-35,1.1246994326900363e-34
OOOOOOOOOAAA,6000,2981,813,548,4.336864501588475e-28,1.4164438188674282e-27
DDDDEE,6000,2981,2077,1274,8.173521406876475e-40,4.7701206899147946e-39
BBBBA,6000,2981,779,569,7.496766774922848e-46,5.3916140845909784e-45
BBBBG,6000,2981,921,657,1.4825686396121291e-47,1.1473792080476476e-46
GGGGEEE,6000,2981,1965,1265,1.674371817507942e-57,1.8340811293317765e-56
GBAAAA,6000,2981,510,378,5.974965270067876e-32,2.3218751192921494e-31
GGGGGGEE,6000,2981,1398,907,4.8015795330971944e-39,2.629788175050156e-38
EEEEEEEEE,6000,2981,3959,2411,9.371427203414516e-133,4.1702851055194603e-131
EEDDD,6000,2981,2125,1337,1.3086589378198205e-52,1.2941182829551558e-51
BBAAAAAA,6000,2981,1228,950,1.628580444673981e-109,5.270678530035792e-108
GGGGGGGEEE,6000,2981,1085,689,3.6014224652678535e-24,1.01754476002806e-23
EEAAAAAA,6000,2981,596,438,1.0569312700043946e-35,4.7628801534375254e-35
EGGGG,6000,2981,2117,1339,6.766945013008261e-55,6.88294978465983e-54
GGGGEEEE,6000,2981,1904,1224,2.5680885558473238e-54,2.5753226081173164e-53
GGGEEEEE,6000,2981,2179,1391,2.8603888093523666e-62,3.636780057605152e-61
EEEDDDDD,6000,2981,1876,1185,1.409807135653762e-45,9.841006672406655e-45
OOOOOOOOOOOOOOOOOOOOAAA,6000,2981,761,513,3.483272355824638e-26,1.0736319988515767e-25
BBBBBBBB,6000,2981,341,260,4.432184032158598e-25,1.3148812628737174e-24
EEEEGG,6000,2981,2703,1679,8.549710544427033e-69,1.2951901931132021e-67
EEEAAAA,6000,2981,696,493,2.153021957053747e-33,8.660743691651229e-33
EDDDDDDD,6000,2981,1795,1140,5.080092226116164e-45,3.511675402907485e-44
DDDDDDD,6000,2981,2326,1497,5.1751361642552034e-74,9.447940894742832e-73
OOOOAAA,6000,2981,834,561,1.8976100250470159e-28,6.284178315504537e-28
OOAAAA,6000,2981,760,527,7.382001326319374e-32,2.8410729428861595e-31
AACCCCC,6000,2981,266,237,2.7190186959641084e-44,1.843753630025186e-43
GGGGGGGG,6000,2981,1714,1075,8.910978591153464e-38,4.4997281963838765e-37
GGGGG,6000,2981,2806,1712,2.2806494521283442e-61,2.8488112454655813e-60
EEEEEEDDD,6000,2981,1847,1137,5.66011012700356e-35,2.487653339769466e-34
BBBBAAAA,6000,2981,484,360,6.406694640671459e-31,2.3038215071505447e-30
BBBBBG,6000,2981,606,437,2.4859028880112984e-32,9.778800310851075e-32
EGGGE,6000,2981,546,380,4.174366600515396e-23,1.1655486351242988e-22
ACCCCCC,6000,2981,249,221,1.1690685410211294e-40,7.05404068819529e-40
AAAAAAAAA,6000,2981,1851,1474,2.5536136037125276e-221,3.636345771686639e-219
EEGGGGG,6000,2981,1726,1090,1.3534779197287544e-40,8.09811999030986e-40
EEEFF,6000,2981,468,329,4.004146775252362e-21,1.0255224834459286e-20
DDDDDDDDDEE,6000,2981,1650,1031,1.0382470307474774e-34,4.400189796977405e-34
EEEEEEEEEEEEEE,6000,2981,3496,2118,8.797640119807261e-90,2.0206192791299255e-88
AABBBG,6000,2981,394,293,4.318303507233325e-25,1.2864569444142791e-24
BBAAAAAAA,6000,2981,993,795,4.679699964479279e-103,1.3883109894621859e-101
GGGGGGGGGGG,6000,2981,1044,670,2.664506520310025e-25,8.038680688392957e-25
EEEEG,6000,2981,3129,1943,9.57414794525954e-91,2.2722644456749308e-89
BBBBB,6000,2981,1107,783,1.304802533133766e-55,1.3662050052812375e-54
OOOOOAAAAAAA,6000,2981,504,388,2.477631165243203e-39,1.400058245756477e-38
BBBBBBB,6000,2981,505,379,4.7938715222631685e-34,1.972969088931431e-33
BAAAAAA,6000,2981,1859,1413,1.9906670610690423e-170,1.5748388305346202e-168
AAAAAAAAAA,6000,2981,1514,1238,1.8799968901566347e-194,1.9122254082736053e-192
EEEAAAAA,6000,2981,629,451,1.9659619064000248e-32,7.77647154087121e-32
DDDDDD,6000,2981,2417,1561,3.8571790172846255e-81,7.846604172304723e-80
AAAAAAAAAAAAE,6000,2981,240,204,1.6116795430743788e-31,6.136448313737742e-31
BBBBBBG,6000,2981,410,303,3.616257946196391e-25,1.0818385116352227e-24
BBBBBA,6000,2981,457,336,3.1812026582069565e-27,1.002219598514758e-26
AAAAAAAAAAE,6000,2981,384,315,5.0742669716525725e-42,3.2844346216514836e-41
AAAABB,6000,2981,1747,1339,4.9790925336165406e-164,3.222830803577252e-162
BBAAAAAAAA,6000,2981,763,636,6.580577285023548e-95,1.7353226025691725e-93
AABBB,6000,2981,1356,1041,1.678636284272807e-118,6.290468602117046e-117
BBBBBBGG,6000,2981,323,245,4.287483552649716e-23,1.1924563630807025e-22
FFFFFFD,6000,2981,426,311,2.5859973552497287e-24,7.335578155130704e-24
BBBAA,6000,2981,1201,874,9.969170114207762e-74,1.7745122803289817e-72
EEEEEEE,6000,2981,4100,2498,3.530664218145653e-149,1.7955949452283605e-147
OOOOOOAAAA,6000,2981,738,513,2.197177909153445e-31,8.233635112196071e-31
BAAAAAAA,6000,2981,1549,1222,1.80616140777698e-164,1.2859869223372099e-162
EEEDDDD,6000,2981,1994,1249,5.4283932007917025e-46,3.9845525350141164e-45
GGGGGGGGGGGGGG,6000,2981,642,445,1.4393293915198762e-26,4.475120204201537e-26
EDDDDD,6000,2981,1977,1254,5.913829772346811e-51,5.398265125526832e-50
OOOOOOOOOOOOOOOOOOOOOOOOOOOAAAAAAAAAA,6000,2981,221,189,5.66915111341934e-30,1.9689929720754e-29
EEAAAAA,6000,2981,674,483,8.96321034577269e-35,3.8444613049338294e-34
EGGGGGGG,6000,2981,1239,778,1.6546205770028524e-25,5.034572012077055e-25
EDDDD,6000,2981,2091,1317,7.235175138923977e-52,6.868592931885163e-51
BBBAAAAAA,6000,2981,633,490,1.2794090604083609e-51,1.183037988325653e-50
GGGGGGGGGGGGG,6000,2981,749,503,4.749247685406344e-25,1.4030972414976419e-24
GGGGE,6000,2981,2135,1381,1.1808207762545898e-67,1.751550818110975e-66
CCFFF,6000,2981,369,297,1.739304947240234e-36,8.147270542335834e-36
EEDDDDDD,6000,2981,1840,1173,3.711924017696852e-48,3.0731277913955327e-47
AAAAAAAAACCCCC,6000,2981,120,111,1.8319673028977135e-24,5.259519030899888e-24
AAAAAAAAAAA,6000,2981,1171,974,3.649931114930275e-154,1.9990391952541207e-152
ABBBBBBB,6000,2981,229,191,2.4153468663099523e-27,7.677352539342348e-27
CCCCCCCCCC,6000,2981,191,159,1.0288365818400476e-22,2.817429408731207e-22
GGAAAAA,6000,2981,275,212,1.3314146851374782e-21,3.45973451028425e-21
OAAAA,6000,2981,769,530,6.014649577345403e-31,2.173822588360369e-30
OOOOOOOOOOOOOAAAAAAAAAA,6000,2981,248,213,2.589018688494765e-34,1.0780007638644873e-33
AAAAAAAAAAAEEE,6000,2981,247,206,1.9399692941227768e-29,6.640664122189506e-29
DDDDDEE,6000,2981,1978,1219,6.718342521320815e-39,3.623833238773046e-38
FFFFFFF,6000,2981,739,537,6.488664107424627e-42,4.1620980580957966e-41
OOAAA,6000,2981,848,571,3.483980500125721e-29,1.1756370218433714e-28
BBBGGG,6000,2981,837,626,2.3431840663718273e-57,2.52779856857082e-56
GGGGGEEE,6000,2981,1599,1016,9.078567659338574e-39,4.823835950335123e-38
EEEAAAAAAAA,6000,2981,385,297,3.2372175763459215e-30,1.1410390665140081e-29
AACCCC,6000,2981,309,271,1.4811952114205962e-47,1.1473792080476476e-46
GGGGGG,6000,2981,2378,1469,1.5940276661538681e-52,1.5547228743856905e-51
OAAAAAAAAAA,6000,2981,266,226,8.062757462811726e-35,3.5004166545865534e-34
AAAAAEE,6000,2981,720,565,4.1520109696993656e-64,5.685061173896054e-63
EAAAAAA,6000,2981,652,477,3.382612371395173e-38,1.7326762650599738e-37
CCCCCC,6000,2981,399,332,4.289094757546788e-47,3.2487611355035248e-46
EEEAAAAAAAAA,6000,2981,314,250,2.767503575904382e-29,9.428050459540285e-29
BBBBBAA,6000,2981,377,283,2.355898376525204e-25,7.137870825897639e-25
DDDEEEEE,6000,2981,1995,1213,2.396715533758808e-34,1.0038008588448657e-33
CCCCC,6000,2981,475,394,1.6826664337703744e-55,1.7363166678905888e-54
EEDDDDD,6000,2981,1932,1226,1.6656819669761013e-49,1.3952536005729224e-48
EEEDDDDDDD,6000,2981,1690,1065,1.0091919925752903e-38,5.322553323804495e-38
GBAAAAAA,6000,2981,382,295,3.7010453086565934e-30,1.291737382237007e-29
EEEEEEEDDD,6000,2981,1770,1084,2.263896501575937e-31,8.439237220534382e-31
EEGEE,6000,2981,611,422,1.2307787712706252e-24,3.547831923662693e-24
AAAAACCCCC,6000,2981,212,190,2.173047261438065e-36,1.0046815910025336e-35
OAAAAAAAAA,6000,2981,347,280,9.344074817619892e-35,3.983821119847522e-34
OOOOOAAAAAA,6000,2981,585,435,1.414184937546193e-37,7.0412564722579685e-37
DDDEEEEEE,6000,2981,1937,1172,2.592787831039991e-31,9.614921540106634e-31
AAAAAAAAAAAA,6000,2981,927,785,1.370673901107323e-128,5.7407048093436105e-127
AAAAAAEE,6000,2981,639,509,3.5638905606112647e-61,4.3749828950952086e-60
AAAAAAAAAAAAAE,6000,2981,192,163,3.4328940190910485e-25,1.0313166842163823e-24
EEEAAAAAA,6000,2981,556,409,2.1457787034118625e-33,8.660743691651229e-33
GGGGGGE,6000,2981,1439,931,1.4860231076750038e-39,8.602019940362624e-39
AAAAAAAAAAAAAAAAA,6000,2981,278,247,1.1905987748754934e-45,8.477063277113512e-45
EEEEEEEEEEEEE,6000,2981,3595,2178,3.8307872790930505e-96,1.0490463625824046e-94
GGGGEE,6000,2981,2083,1348,1.8374852103275013e-65,2.5652734701042766e-64
EEEEEE,6000,2981,4179,2544,8.430019371235003e-158,5.001811493599437e-156
ABBBG,6000,2981,441,319,8.373219270975043e-24,2.3564158580767706e-23
CCCCCF,6000,2981,244,205,3.3715835015539064e-30,1.1825455434021585e-29
EEEEAAA,6000,2981,696,482,9.505115177697593e-29,3.177296716676379e-28
CCCCCCFF,6000,2981,181,152,1.5366943286045386e-22,4.176054816665769e-22
OOOOOOAAAAAAAA,6000,2981,413,325,3.270268106575113e-36,1.4925839050522308e-35
OAAAAAAAA,6000,2981,434,339,1.4398048262402704e-36,6.834273575220485e-36
EEEEEEEE,6000,2981,4023,2447,1.0928717300445967e-137,5.187497811945019e-136
BBAAAA,6000,2981,1680,1237,5.672370935445579e-122,2.2437378366873624e-120
DDDDEEE,6000,2981,2037,1249,1.4542000660017127e-38,7.613165051420731e-38
GGGGBB,6000,2981,933,650,3.1344946070631664e-41,1.94066100889476e-40
FFFFFFDD,6000,2981,414,301,4.708558917750098e-23,1.304472353866953e-22
ABBGG,6000,2981,395,288,2.2058420556503083e-22,5.949089180390225e-22
EEAAAAAAA,6000,2981,513,383,1.4699770501584864e-33,6.015078504096795e-33
BBBBBGGG,6000,2981,369,282,1.774107466342039e-27,5.6899302524123054e-27
DDDDFF,6000,2981,729,482,1.0527749081916585e-21,2.755793142031106e-21
BBBAAAAAAA,6000,2981,486,385,2.0658991343797786e-44,1.4143463304600022e-43
AABBG,6000,2981,554,382,4.853247611570106e-22,1.2941993630853617e-21
EEEGGGGGG,6000,2981,1334,836,2.393994549951285e-27,7.643605917333251e-27
DDDEEEEEEE,6000,2981,1875,1131,5.560973084552365e-29,1.8676475642458882e-28
OOOOOG,6000,2981,2414,1404,2.438167505431672e-27,7.715445617188223e-27
GGGBA,6000,2981,319,242,7.835192055036281e-23,2.153921522465572e-22
AAAAAAAAAABBB,6000,2981,264,233,6.665774132915531e-42,4.23752784163916e-41
GGGGGGGGEE,6000,2981,973,620,4.800543331253904e-22,1.2849574631025489e-21
GGAAAAAA,6000,2981,239,188,4.947201727983751e-21,1.2625116954567851e-20
DDDDDDDDDD,6000,2981,2064,1324,6.71758645610465e-60,7.97153592791085e-59
CCCCCCF,6000,2981,203,170,8.002599460586818e-25,2.3351847606302523e-24
BBBAAAA,6000,2981,933,695,2.671470977330478e-63,3.5223839552950003e-62
AAAAAE,6000,2981,798,627,2.383815321918541e-72,3.947154672572096e-71
EEEEEEEEEEE,6000,2981,3798,2302,1.1817471165400949e-111,4.0066854617930845e-110
GBAAAAA,6000,2981,448,335,1.7487368818656897e-29,6.014979033277155e-29
GGGGGGGGE,6000,2981,1000,638,5.850215199223253e-23,1.6144779929639365e-22
EAAAAAAA,6000,2981,558,417,7.797192167980326e-37,3.7510816375689134e-36
AAAABBB,6000,2981,1078,856,1.784556579885886e-108,5.524366455994568e-107
AAAAAAAACC,6000,2981,240,216,4.805319432341964e-42,3.1388875558050255e-41
AAAAACCCC,6000,2981,246,217,6.043913457728282e-39,3.28493616939125e-38
OOOOOAAAAA,6000,2981,682,497,4.0032272333475666e-39,2.2095331706538507e-38
AAAAE,6000,2981,870,667,2.5426662728766567e-69,3.935605187582999e-68
BBAAAAA,6000,2981,1493,1115,9.174858879020196e-114,3.26624976093119e-112
OOOOOAAAAAAAAA,6000,2981,334,271,1.942276963827884e-34,8.182847326896177e-34
CCCFFF,6000,2981,286,230,3.7007305510066367e-28,1.2142489181183063e-27
GGBAAA,6000,2981,378,285,4.53744802028698e-26,1.3925271510535904e-25
FFFFFF,6000,2981,868,632,1.085692053913854e-50,9.6626592798333e-50
GGGGGGEEE,6000,2981,1307,839,6.40126256246778e-33,2.560505024987112e-32
OOOOOAA,6000,2981,909,596,8.893075088706048e-26,2.7175405421282e-25
AAAAAAACCC,6000,2981,227,205,1.8185635132906047e-40,1.079014351219092e-39
AAAAABBB,6000,2981,923,739,1.0092747708287656e-94,2.5664415601074323e-93
GGGGGGGEE,6000,2981,1166,751,1.4069912662650638e-29,4.86299893971226e-29
FFFFF,6000,2981,1033,747,3.212921862097047e-59,3.7501645341198314e-58
GBBBAAAA,6000,2981,346,258,2.042893667591204e-22,5.530571449904705e-22
GGGGGEEEEE,6000,2981,1476,926,2.970688937225857e-31,1.090273465621036e-30
EEEED,6000,2981,2111,1313,9.427373068763896e-47,7.065568026273573e-46
AABBBGG,6000,2981,285,224,7.7549566520141245e-25,2.272234212441999e-24
BBAAAAAAAAA,6000,2981,570,471,5.989877435944525e-66,8.529585468785003e-65
OOAAAAAAAAAAAA,6000,2981,171,148,8.5942845562272e-25,2.4976043281770476e-24
EGGGGG,6000,2981,1768,1116,9.440491984066944e-42,5.89616692338216e-41
OOOOAAAAAAAA,6000,2981,422,331,2.3277708547796315e-36,1.0692728055503856e-35
AAACCCCCCC,6000,2981,183,166,1.932109912702836e-33,7.860927187682395e-33
ABBBB,6000,2981,955,756,1.6125449651082582e-92,3.9590759143347577e-91
BGGGGGG,6000,2981,769,563,7.363441975192206e-46,5.349766006466173e-45
EEEGGGGGGG,6000,2981,1113,698,2.675928794992985e-22,7.189665290698135e-22
GGGGGGGGG,6000,2981,1444,910,1.1306942301614403e-31,4.328248881048093e-31
GAAAAAAAA,6000,2981,248,194,3.698668498542138e-21,9.507046826577626e-21
AAAAAAAAAAAAAA,6000,2981,590,497,9.796852731967604e-76,1.885232201394847e-74
DDDDDDEE,6000,2981,1899,1178,3.7399973476703867e-39,2.0803735246416528e-38
AAAAAB,6000,2981,2197,1656,4.460763648914294e-208,5.293439530044961e-206
EEEEEEEEEEEEEEEEEEE,6000,2981,2984,1798,3.282298009050293e-60,3.96101047871832e-59
OOOOAAAA,6000,2981,748,519,1.8937150774459448e-31,7.133995424029167e-31
OOOOOA,6000,2981,974,638,1.3052824403400864e-27,4.2052538349418156e-27
EEEEE,6000,2981,4268,2607,5.311323248392589e-177,4.7270776910694045e-175
ABBBBG,6000,2981,243,196,2.2035447775563992e-24,6.300899122972515e-24
AABBBBG,6000,2981,225,180,1.0902494187585401e-21,2.843434381524104e-21
GAAAAA,6000,2981,408,307,8.141253168104302e-28,2.6348055707683014e-27
EDDDDDD,6000,2981,1888,1206,8.55223666546159e-51,7.70783861494766e-50
CCCCF,6000,2981,310,258,1.7144728280800254e-36,8.084136778761444e-36
DDEEEE,6000,2981,2125,1296,7.79451742139223e-39,4.172704063181404e-38
ABBBBB,6000,2981,601,471,2.444359926338548e-52,2.3518706318284407e-51
GGGGGGGGGG,6000,2981,1235,788,3.1288600573911785e-29,1.060832552791676e-28
GGGBBB,6000,2981,800,563,3.3834098473433946e-37,1.6613709043506875e-36
AAAAAAAAAAEEE,6000,2981,315,259,8.11314903808324e-35,3.500946736433495e-34
GGGGGGGE,6000,2981,1201,773,1.9360471130150417e-30,6.858037534660249e-30
AAAAAAAE,6000,2981,640,523,2.1161009886316355e-70,3.3481420086793875e-69
OAAAAAA,6000,2981,607,450,2.2757137184084973e-38,1.1827066916108395e-37
EEEEEEEEEEEEEEE,6000,2981,3403,2058,1.180844538270026e-82,2.47282738602429e-81
ACCCC,6000,2981,340,296,1.7636272076096299e-50,1.5502500886642677e-49
AAAAAAAAEEE,6000,2981,461,374,7.984904641104211e-48,6.316946782740219e-47
AAAAAAAABBBB,6000,2981,278,237,5.079792262824964e-37,2.4772685555694345e-36
EEDDDDDDDDDD,6000,2981,1509,957,2.103011206962947e-35,9.358399870985115e-35
OAAAAA,6000,2981,704,511,1.700416667017947e-39,9.763682797715951e-39
EEEEEEEG,6000,2981,2785,1736,4.067061779104271e-75,7.62038943874274e-74
BBBBGGG,6000,2981,567,425,3.980362904919473e-38,2.0242988487876175e-37
OOOOOOG,6000,2981,2400,1395,7.021538503450979e-27,2.1926909712531128e-26
OOOOOOAAAAA,6000,2981,678,495,2.519146376830542e-39,1.4123088348845243e-38
EEDDDD,6000,2981,2047,1288,8.201366208578047e-50,7.035388843985023e-49
AAAAAAAAAAAE,6000,2981,303,252,1.5378157281672028e-35,6.88631948713867e-35
GGGEEEE,6000,2981,2262,1448,1.3605407855584048e-67,1.9769490598318048e-66
OOAAAAAAAAA,6000,2981,342,277,6.136830497768514e-35,2.680627800252259e-34
OOOOOAAAA,6000,2981,743,515,5.2545900177194885e-31,1.9088102513348346e-30
GGGBB,6000,2981,1198,823,5.265326000171393e-50,4.571844039173209e-49
AAAAAEEE,6000,2981,677,529,1.5912084816673533e-58,1.7983181570589772e-57
EAAAAA,6000,2981,737,525,7.786900158778945e-37,3.7510816375689134e-36
GBBAAAAA,6000,2981,470,352,3.0485231801681006e-31,1.1131017970665063e-30
GGBAAAAAA,6000,2981,263,207,3.855643655472521e-23,1.0807945994867854e-22
DDDEEEEEEEEEEEE,6000,2981,1514,910,3.492627794356695e-21,9.042730871207151e-21
AAAAAAAAAAEE,6000,2981,344,282,1.8876213130703442e-37,9.33323871462559e-37
EEEEDD,6000,2981,2083,1295,1.2119026663032744e-45,8.543313845623083e-45
FFFFFD,6000,2981,527,381,2.041354569241038e-28,6.728909506016755e-28
CCCCCCC,6000,2981,340,282,2.4150046427718667e-39,1.375586644522855e-38
OOOOOOOOOOOOOOOOOOOOOAAAAAAA,6000,2981,460,354,1.018749305720364e-35,4.6200605456872546e-35
